# X Axis,A,output,C
1.000000000000000000e+09,-4.729310007682479977e+01,-8.148322665978329837e+01,-3.419012658295849860e+01
1.034999999999999881e+09,-4.730559732839780196e+01,-8.180201051449770944e+01,-3.449641318609990037e+01
1.070000000000000119e+09,-4.731854178185749760e+01,-8.211157359163570391e+01,-3.479303180977819920e+01
1.105000000000000000e+09,-4.733193514635510013e+01,-8.241255887258620305e+01,-3.508062372623110292e+01
1.140000000000000000e+09,-4.734577918071200031e+01,-8.270554956672259550e+01,-3.535977038601060229e+01
1.175000000000000000e+09,-4.736007569292959829e+01,-8.299107635679609984e+01,-3.563100066386650155e+01
1.210000000000000000e+09,-4.737482653972259783e+01,-8.326962358069259551e+01,-3.589479704096999768e+01
1.245000000000000000e+09,-4.739003362608460179e+01,-8.354163453163690178e+01,-3.615160090555229999e+01
1.280000000000000000e+09,-4.740569890489049953e+01,-8.380751602356599506e+01,-3.640181711867550263e+01
1.315000000000000000e+09,-4.742182437654309979e+01,-8.406764234068459984e+01,-3.664581796414150006e+01
1.350000000000000000e+09,-4.743841208867250003e+01,-8.432235866831830151e+01,-3.688394657964580148e+01
1.385000000000000000e+09,-4.745546413589210033e+01,-8.457198408477501061e+01,-3.711651994888290318e+01
1.420000000000000000e+09,-4.747298265962560038e+01,-8.481681418000300710e+01,-3.734383152037739961e+01
1.455000000000000000e+09,-4.749096984801099808e+01,-8.505712335561230475e+01,-3.756615350760129957e+01
1.490000000000000000e+09,-4.750942793589150170e+01,-8.529316685174670454e+01,-3.778373891585520283e+01
1.525000000000000000e+09,-4.752835920490819888e+01,-8.552518253890949040e+01,-3.799682333400129863e+01
1.560000000000000000e+09,-4.754776598370129648e+01,-8.575339250678030112e+01,-3.820562652307899754e+01
1.595000000000000000e+09,-4.756765064823890299e+01,-8.597800447710180549e+01,-3.841035382886290250e+01
1.630000000000000000e+09,-4.758801562228409665e+01,-8.619921306359319146e+01,-3.861119744130910192e+01
1.665000000000000000e+09,-4.760886337801620272e+01,-8.641720089843690289e+01,-3.880833752042070017e+01
1.700000000000000000e+09,-4.763019643682609683e+01,-8.663213964204788908e+01,-3.900194320522179936e+01
1.735000000000000000e+09,-4.765201737030069751e+01,-8.684419089044870077e+01,-3.919217352014800326e+01
1.770000000000000000e+09,-4.767432880142030172e+01,-8.705350699257940050e+01,-3.937917819115909879e+01
1.805000000000000000e+09,-4.769713340598600126e+01,-8.726023178818120130e+01,-3.956309838219520003e+01
1.840000000000000000e+09,-4.772043391430720050e+01,-8.746450127547660713e+01,-3.974406736116939953e+01
1.875000000000000000e+09,-4.774423311316989782e+01,-8.766644421664669551e+01,-3.992221110347679769e+01
1.910000000000000000e+09,-4.776853384811629866e+01,-8.786618268808518906e+01,-4.009764883996889751e+01
1.945000000000000000e+09,-4.779333902606590101e+01,-8.806383258152411031e+01,-4.027049355545820220e+01
1.980000000000000000e+09,-4.781865161831340316e+01,-8.825950406137400250e+01,-4.044085244306059934e+01
2.015000000000000238e+09,-4.784447466393280024e+01,-8.845330198296909430e+01,-4.060882731903630116e+01
2.049999999999999762e+09,-4.787081127363880029e+01,-8.864532627586149260e+01,-4.077451500222269942e+01
2.085000000000000000e+09,-4.789766463413459974e+01,-8.883567229581009883e+01,-4.093800766167549909e+01
2.120000000000000000e+09,-4.792503801300389910e+01,-8.902443114871100249e+01,-4.109939313570710340e+01
2.155000000000000000e+09,-4.795293476419050194e+01,-8.921168998934270178e+01,-4.125875522515219984e+01
2.190000000000000000e+09,-4.798135833412239748e+01,-8.939753229748899344e+01,-4.141617396336660306e+01
2.225000000000000000e+09,-4.801031226854210132e+01,-8.958203813373630453e+01,-4.157172586519420321e+01
2.260000000000000000e+09,-4.803980022010559736e+01,-8.976528437699400342e+01,-4.172548415688839896e+01
2.295000000000000000e+09,-4.806982595681959936e+01,-8.994734494558480264e+01,-4.187751898876520329e+01
2.330000000000000000e+09,-4.810039337139750160e+01,-9.012829100357299694e+01,-4.202789763217550245e+01
2.365000000000000000e+09,-4.813150649161369898e+01,-9.030819115383630447e+01,-4.217668466222259838e+01
2.400000000000000000e+09,-4.816316949175009654e+01,-9.048711161925180591e+01,-4.232394212750170226e+01
2.435000000000000000e+09,-4.819538670523100166e+01,-9.066511641324470361e+01,-4.246972970801370195e+01
2.470000000000000000e+09,-4.822816263855820296e+01,-9.084226750084729929e+01,-4.261410486228910344e+01
2.505000000000000000e+09,-4.826150198665789759e+01,-9.101862495131679509e+01,-4.275712296465889750e+01
2.540000000000000000e+09,-4.829540964977390161e+01,-9.119424708329350437e+01,-4.289883743351960277e+01
2.575000000000000000e+09,-4.832989075204149998e+01,-9.136919060339970144e+01,-4.303929985135820147e+01
2.610000000000000000e+09,-4.836495066189939962e+01,-9.154351073913539949e+01,-4.317856007723599987e+01
2.645000000000000000e+09,-4.840059501449999857e+01,-9.171726136686270081e+01,-4.331666635236270224e+01
2.680000000000000000e+09,-4.843682973630770050e+01,-9.189049513564629024e+01,-4.345366539933859684e+01
2.715000000000000000e+09,-4.847366107207759711e+01,-9.206326358766870044e+01,-4.358960251559110333e+01
2.750000000000000000e+09,-4.851109561443559670e+01,-9.223561727592360171e+01,-4.372452166148799790e+01
2.785000000000000000e+09,-4.854914033629579961e+01,-9.240760587986309815e+01,-4.385846554356729854e+01
2.820000000000000000e+09,-4.858780262638349967e+01,-9.257927831967370480e+01,-4.399147569329019802e+01
2.855000000000000000e+09,-4.862709032813960164e+01,-9.275068286982769905e+01,-4.412359254168809741e+01
2.890000000000000000e+09,-4.866701178233140013e+01,-9.292186727258089718e+01,-4.425485549024949705e+01
2.925000000000000000e+09,-4.870757587370940200e+01,-9.309287885207120894e+01,-4.438530297836179983e+01
2.960000000000000000e+09,-4.874879208209630121e+01,-9.326376462970100079e+01,-4.451497254760469957e+01
2.995000000000000000e+09,-4.879067053832380196e+01,-9.343457144149050464e+01,-4.464390090316670268e+01
3.030000000000000000e+09,-4.883322208548239729e+01,-9.360534605812270570e+01,-4.477212397264030130e+01
3.065000000000000000e+09,-4.887645834599830152e+01,-9.377613530843240142e+01,-4.489967696243409989e+01
3.100000000000000000e+09,-4.892039179509679769e+01,-9.394698620712100023e+01,-4.502659441202420254e+01
3.135000000000000000e+09,-4.896503584128880249e+01,-9.411794608754431124e+01,-4.515291024625550165e+01
3.170000000000000000e+09,-4.901040491456750203e+01,-9.428906274045850466e+01,-4.527865782589100263e+01
3.205000000000000000e+09,-4.905651456309429648e+01,-9.446038455969210190e+01,-4.540386999659779832e+01
3.240000000000000000e+09,-4.910338155923359693e+01,-9.463196069578100378e+01,-4.552857913654739974e+01
3.275000000000000000e+09,-4.915102401589179948e+01,-9.480384121869610681e+01,-4.565281720280430022e+01
3.310000000000000000e+09,-4.919946151424080227e+01,-9.497607729090640305e+01,-4.577661577666560078e+01
3.345000000000000000e+09,-4.924871524401609690e+01,-9.514872135212920057e+01,-4.590000610811309656e+01
3.380000000000000000e+09,-4.929880815774429692e+01,-9.532182731727559144e+01,-4.602301915953130163e+01
3.415000000000000000e+09,-4.934976514039919948e+01,-9.549545078924430186e+01,-4.614568564884510238e+01
3.450000000000000000e+09,-4.940161319619849678e+01,-9.566964928842419624e+01,-4.626803609222569946e+01
3.485000000000000000e+09,-4.945438165445259671e+01,-9.584448250096559718e+01,-4.639010084651300048e+01
3.520000000000000000e+09,-4.950810239663540102e+01,-9.602001254813851006e+01,-4.651191015150310193e+01
3.555000000000000000e+09,-4.956281010713539814e+01,-9.619630427938379569e+01,-4.663349417224839755e+01
3.590000000000000000e+09,-4.961854255047430229e+01,-9.637342559199561265e+01,-4.675488304152130326e+01
3.625000000000000000e+09,-4.967534087817279698e+01,-9.655144778076659406e+01,-4.687610690259379709e+01
3.660000000000000000e+09,-4.973324996888040062e+01,-9.673044592137009090e+01,-4.699719595248969739e+01
3.695000000000000000e+09,-4.979231880591959936e+01,-9.691049929179030187e+01,-4.711818048587070251e+01
3.730000000000000000e+09,-4.985260089698739705e+01,-9.709169183671170344e+01,-4.723909093972429929e+01
3.765000000000000000e+09,-4.991415474148330134e+01,-9.727411268051091042e+01,-4.735995793902760198e+01
3.800000000000000000e+09,-4.997704435175160143e+01,-9.745785669532300233e+01,-4.748081234357140090e+01
3.835000000000000000e+09,-5.004133983551670184e+01,-9.764302513165529263e+01,-4.760168529613859789e+01
3.870000000000000000e+09,-5.010711804794289748e+01,-9.782972632018410764e+01,-4.772260827224120305e+01
3.905000000000000000e+09,-5.017446332311409662e+01,-9.801807645475190611e+01,-4.784361313163780238e+01
3.940000000000000000e+09,-5.024346829636189682e+01,-9.820820046822780114e+01,-4.796473217186589721e+01
3.975000000000000000e+09,-5.031423483079719716e+01,-9.840023301483870455e+01,-4.808599818404150028e+01
4.010000000000000000e+09,-5.038687506371380209e+01,-9.859431957491570131e+01,-4.820744451120189922e+01
4.045000000000000000e+09,-5.046151259130469668e+01,-9.879061770079239579e+01,-4.832910510948769911e+01
4.080000000000000000e+09,-5.053828381346689724e+01,-9.898929842595499906e+01,-4.845101461248810182e+01
4.115000000000000000e+09,-5.061733946449150068e+01,-9.919054786359549780e+01,-4.857320839910399712e+01
4.150000000000000477e+09,-5.069884636033670233e+01,-9.939456902565359542e+01,-4.869572266531690019e+01
4.184999999999999523e+09,-5.078298939911680066e+01,-9.960158389940670531e+01,-4.881859450028989755e+01
4.219999999999999523e+09,-5.086997385873460331e+01,-9.981183582600769455e+01,-4.894186196727309834e+01
4.255000000000000000e+09,-5.096002804453070212e+01,-1.000255922343648933e+02,-4.906556418983419832e+01
4.290000000000000000e+09,-5.105340635087849677e+01,-1.002431477948704952e+02,-4.918974144399199844e+01
4.325000000000000000e+09,-5.115039281438299668e+01,-1.004648280712804933e+02,-4.931443525689749663e+01
4.360000000000000000e+09,-5.125130525349050004e+01,-1.006909937662684911e+02,-4.943968851277799814e+01
4.395000000000000000e+09,-5.135650011082189792e+01,-1.009220456777708961e+02,-4.956554556694899816e+01
4.430000000000000000e+09,-5.146637814175870318e+01,-1.011584305105492092e+02,-4.969205236879049892e+01
4.465000000000000000e+09,-5.158139112739080190e+01,-1.014006477220914064e+02,-4.981925659470059742e+01
4.500000000000000000e+09,-5.170204983421089651e+01,-1.016492576263729006e+02,-4.994720779216199702e+01
4.535000000000000000e+09,-5.182893350010439804e+01,-1.019048910363136997e+02,-5.007595753620930168e+01
4.570000000000000000e+09,-5.196270120042599672e+01,-1.021682608001762986e+02,-5.020555959975030191e+01
4.605000000000000000e+09,-5.210410554536110084e+01,-1.024401756847543936e+02,-5.033607013939329988e+01
4.640000000000000000e+09,-5.225400928849710169e+01,-1.027215571871550992e+02,-5.046754789865799751e+01
4.675000000000000000e+09,-5.241340559848330116e+01,-1.030134600291978018e+02,-5.060005443071450060e+01
4.710000000000000000e+09,-5.258344297740929818e+01,-1.033170973205066048e+02,-5.073365434309729949e+01
4.745000000000000000e+09,-5.276545612542700070e+01,-1.036338716926331927e+02,-5.086841556720619906e+01
4.780000000000000000e+09,-5.296100448653500337e+01,-1.039654141423555984e+02,-5.100440965582060215e+01
4.815000000000000000e+09,-5.317192081778040347e+01,-1.043136329301296996e+02,-5.114171211234930325e+01
4.850000000000000000e+09,-5.340037298222159734e+01,-1.046807757383396051e+02,-5.128040275611800070e+01
4.885000000000000000e+09,-5.364894339472390072e+01,-1.050695095234029992e+02,-5.142056612867909848e+01
4.920000000000000000e+09,-5.392073233386960140e+01,-1.054830242808099001e+02,-5.156229194694029871e+01
4.955000000000000000e+09,-5.421949396180799852e+01,-1.059251695716764914e+02,-5.170567560986849998e+01
4.990000000000000000e+09,-5.454981782219760333e+01,-1.064006365888692045e+02,-5.185081876667160117e+01
5.025000000000000000e+09,-5.491737453784850231e+01,-1.069152044935784005e+02,-5.199782995572989819e+01
5.060000000000000000e+09,-5.532925354763779779e+01,-1.074760788728210059e+02,-5.214682532518320102e+01
5.095000000000000000e+09,-5.579443476927470158e+01,-1.080923642173330990e+02,-5.229792944805839738e+01
5.130000000000000000e+09,-5.632445755217069916e+01,-1.087757337993666908e+02,-5.245127624719599879e+01
5.165000000000000000e+09,-5.693438182816179705e+01,-1.095413918762783965e+02,-5.260701004811659942e+01
5.200000000000000000e+09,-5.764417659046389986e+01,-1.104094633719309968e+02,-5.276528678146709694e+01
5.235000000000000000e+09,-5.848069457877240040e+01,-1.114069699397261104e+02,-5.292627536095370289e+01
5.270000000000000000e+09,-5.948026217382179937e+01,-1.125704214417099962e+02,-5.309015926788819684e+01
5.305000000000000000e+09,-6.069097810840810325e+01,-1.139481164882874964e+02,-5.325713837987940025e+01
5.340000000000000000e+09,-6.216897857429439966e+01,-1.155964096633851028e+02,-5.342743108909070315e+01
5.375000000000000000e+09,-6.393939704816389735e+01,-1.175406738133824973e+02,-5.360127676521859996e+01
5.410000000000000000e+09,-6.579394510407379926e+01,-1.195728837344753970e+02,-5.377893863040159772e+01
5.445000000000000000e+09,-6.671046164522719835e+01,-1.206711687734197938e+02,-5.396070712819260251e+01
5.480000000000000000e+09,-6.536557812481210306e+01,-1.195124820120580011e+02,-5.414690388724589809e+01
5.515000000000000000e+09,-6.262212555180099827e+01,-1.169600119550852071e+02,-5.433788640328420172e+01
5.550000000000000000e+09,-5.978147735503500115e+01,-1.143155309462171090e+02,-5.453405359118210072e+01
5.585000000000000000e+09,-5.720789997200670030e+01,-1.119437523656056896e+02,-5.473585239359899646e+01
5.620000000000000000e+09,-5.490538911165260316e+01,-1.098491747860076089e+02,-5.494378567435499860e+01
5.655000000000000000e+09,-5.281659906180829722e+01,-1.079750207357197951e+02,-5.515842167391149786e+01
5.690000000000000000e+09,-5.088727085756779900e+01,-1.062676762172614957e+02,-5.538040535969369671e+01
5.725000000000000000e+09,-4.907487133327560258e+01,-1.046853433944179130e+02,-5.561047206114230335e+01
5.760000000000000000e+09,-4.734695625165129940e+01,-1.031964200787789991e+02,-5.584946382712769974e+01
5.795000000000000000e+09,-4.567845453932199717e+01,-1.017768034963926027e+02,-5.609834895707059843e+01
5.830000000000000000e+09,-4.404947806163269775e+01,-1.004077231472959966e+02,-5.635824508566329882e+01
5.865000000000000000e+09,-4.244375580271250215e+01,-9.907420174505899979e+01,-5.663044594234649765e+01
5.900000000000000000e+09,-4.084754710062679806e+01,-9.776399836216999972e+01,-5.691645126154320167e+01
5.935000000000000000e+09,-3.924889594784310276e+01,-9.646689385588520338e+01,-5.721799790804210062e+01
5.970000000000000000e+09,-3.763713379278210169e+01,-9.517422118758940996e+01,-5.753708739480730117e+01
6.005000000000000000e+09,-3.600258041925459906e+01,-9.387857974509410042e+01,-5.787599932583950135e+01
6.040000000000000000e+09,-3.433642685744560197e+01,-9.257369654651540714e+01,-5.823726968906979806e+01
6.075000000000000000e+09,-3.263081219279479939e+01,-9.125440607832850048e+01,-5.862359388553370110e+01
6.110000000000000000e+09,-3.087912607583620073e+01,-8.991670849084199801e+01,-5.903758241500580084e+01
6.145000000000000000e+09,-2.907657142846969833e+01,-8.855782072939200589e+01,-5.948124930092230045e+01
6.180000000000000000e+09,-2.722098502802629838e+01,-8.717604246534460799e+01,-5.995505743731830250e+01
6.215000000000000000e+09,-2.531380031699140076e+01,-8.577012273929800301e+01,-6.045632242230659870e+01
6.250000000000000000e+09,-2.336081306544830127e+01,-8.433771215807939825e+01,-6.097689909263110053e+01
6.285000000000000000e+09,-2.137211425431049960e+01,-8.287264993938549651e+01,-6.150053568507500046e+01
6.320000000000000000e+09,-1.936042019079030041e+01,-8.136162193951280130e+01,-6.200120174872250089e+01
6.355000000000000000e+09,-1.733750115752669885e+01,-7.978222564189870525e+01,-6.244472448437200285e+01
6.390000000000000000e+09,-1.530951908197859979e+01,-7.810586928791940409e+01,-6.279635020594079720e+01
6.425000000000000000e+09,-1.327136307000379922e+01,-7.630824224539449574e+01,-6.303687917539070185e+01
6.460000000000000000e+09,-1.118591923773990082e+01,-7.437816426988599972e+01,-6.319224503214609712e+01
6.495000000000000000e+09,-8.851761575972760809e+00,-7.220264221270745963e+01,-6.335088063673470060e+01
6.530000000000000000e+09,-5.310389910067510044e+00,-6.827809113028321519e+01,-6.296770122021570160e+01
6.565000000000000000e+09,-2.526475043005369958e+00,-6.603534254463487230e+01,-6.350886750162950278e+01
6.600000000000000000e+09,-4.837521151070509617e+00,-6.878093111947320892e+01,-6.394340996840269753e+01
6.635000000000000000e+09,-6.180192730242420218e+00,-7.027407715146362932e+01,-6.409388442122120466e+01
6.670000000000000000e+09,-7.067114164453699665e+00,-7.149667642631339959e+01,-6.442956226185970081e+01
6.705000000000000000e+09,-7.798975819598189752e+00,-7.264089866603907808e+01,-6.484192284644089455e+01
6.740000000000000000e+09,-8.436448049488980416e+00,-7.368473720415826733e+01,-6.524828915466929402e+01
6.775000000000000000e+09,-9.001199816997269565e+00,-7.460488091871997085e+01,-6.560368110172269951e+01
6.810000000000000000e+09,-9.511866678927539454e+00,-7.537481233615443443e+01,-6.586294565722690209e+01
6.845000000000000000e+09,-9.986657761595280292e+00,-7.595588155760428606e+01,-6.596922379600900399e+01
6.880000000000000000e+09,-1.044142238636779929e+01,-7.630478208269070706e+01,-6.586335969632290244e+01
6.915000000000000000e+09,-1.088815968410479940e+01,-7.639504984013419175e+01,-6.550689015602939946e+01
6.950000000000000000e+09,-1.133448785752550059e+01,-7.623680614979180348e+01,-6.490231829226630111e+01
6.985000000000000000e+09,-1.178386076822549988e+01,-7.587674247985430043e+01,-6.409288171162880587e+01
7.020000000000000000e+09,-1.223622884355309992e+01,-7.537881752701179039e+01,-6.314258868345869757e+01
7.055000000000000000e+09,-1.268886257694749986e+01,-7.480292961719069922e+01,-6.211406704024319936e+01
7.090000000000000000e+09,-1.313712684732550073e+01,-7.419408316870649855e+01,-6.105695632138100137e+01
7.125000000000000000e+09,-1.357509397998149936e+01,-7.358181869536069541e+01,-6.000672471537919961e+01
7.160000000000000000e+09,-1.399598377273039951e+01,-7.298451154237170613e+01,-5.898852776964130129e+01
7.195000000000000000e+09,-1.439249372181899922e+01,-7.241449004326089778e+01,-5.802199632144189678e+01
7.230000000000000000e+09,-1.475711907327690042e+01,-7.188225473200630233e+01,-5.712513565872939836e+01
7.265000000000000000e+09,-1.508255659752859934e+01,-7.139929258650829524e+01,-5.631673598897970123e+01
7.300000000000000000e+09,-1.536224026273779941e+01,-7.097926712803869975e+01,-5.561702686530090034e+01
7.335000000000000000e+09,-1.559098121342680088e+01,-7.063737124744480411e+01,-5.504639003401800323e+01
7.370000000000000000e+09,-1.576560260392730051e+01,-7.038788020417830182e+01,-5.462227760025100309e+01
7.405000000000000000e+09,-1.588540911972230063e+01,-7.024064389817020526e+01,-5.435523477844790108e+01
7.440000000000000000e+09,-1.595234512122740078e+01,-7.019804066688379862e+01,-5.424569554565640317e+01
7.475000000000000000e+09,-1.597077834995610068e+01,-7.025396047438189839e+01,-5.428318212442579949e+01
7.510000000000000000e+09,-1.594696123913969998e+01,-7.039531377758740405e+01,-5.444835253844770051e+01
7.545000000000000000e+09,-1.588831204970369981e+01,-7.060513496220289653e+01,-5.471682291249919672e+01
7.580000000000000000e+09,-1.580268448152900085e+01,-7.086572888317999741e+01,-5.506304440165099834e+01
7.615000000000000000e+09,-1.569775854945829963e+01,-7.116076083709189959e+01,-5.546300228763359996e+01
7.650000000000000000e+09,-1.558061885067819929e+01,-7.147603783165349967e+01,-5.589541898097530037e+01
7.685000000000000000e+09,-1.545752367201760080e+01,-7.179930382758720953e+01,-5.634178015556960162e+01
7.720000000000000000e+09,-1.533382904106790079e+01,-7.211952839442901109e+01,-5.678569935336110319e+01
7.755000000000000000e+09,-1.521401770328379932e+01,-7.242608883571409706e+01,-5.721207113243030307e+01
7.790000000000000000e+09,-1.510178632138179999e+01,-7.270812167554609573e+01,-5.760633535416430107e+01
7.825000000000000000e+09,-1.500015558381639913e+01,-7.295423268456049470e+01,-5.795407710074410090e+01
7.860000000000000000e+09,-1.491158062891580016e+01,-7.315269877730550263e+01,-5.824111814838970247e+01
7.895000000000000000e+09,-1.483804980573490084e+01,-7.329222318818500526e+01,-5.845417338245010086e+01
7.930000000000000000e+09,-1.478116726865060038e+01,-7.336317344571440913e+01,-5.858200617706380342e+01
7.965000000000000000e+09,-1.474221947012070011e+01,-7.335904287542179247e+01,-5.861682340530109769e+01
8.000000000000000000e+09,-1.472222795921840088e+01,-7.327771062422119996e+01,-5.855548266500279908e+01
8.035000000000000000e+09,-1.472199172661069966e+01,-7.312205929235989288e+01,-5.840006756574919677e+01
8.070000000000000000e+09,-1.474212224085549927e+01,-7.289971111743240328e+01,-5.815758887657690224e+01
8.105000000000000000e+09,-1.478307371737809994e+01,-7.262197886469350294e+01,-5.783890514731540122e+01
8.140000000000000954e+09,-1.484517033530440067e+01,-7.230240208403239421e+01,-5.745723174872799888e+01
8.175000000000000954e+09,-1.492863125093160015e+01,-7.195530893843680076e+01,-5.702667768750519883e+01
8.210000000000000954e+09,-1.503359345727020013e+01,-7.159471949606628982e+01,-5.656112603879609679e+01
8.244999999999999046e+09,-1.516013185776150074e+01,-7.123370768431840361e+01,-5.607357582655689754e+01
8.279999999999999046e+09,-1.530827536661650079e+01,-7.088417823840750032e+01,-5.557590287179100130e+01
8.314999999999999046e+09,-1.547801739258130027e+01,-7.055693442483479316e+01,-5.507891703225350000e+01
8.350000000000000000e+09,-1.566931865751059938e+01,-7.026189751465030042e+01,-5.459257885713969927e+01
8.385000000000000000e+09,-1.588209988094100034e+01,-7.000835719472119933e+01,-5.412625731378020077e+01
8.420000000000000000e+09,-1.611622135637750119e+01,-6.980515833247250157e+01,-5.368893697609500038e+01
8.455000000000000000e+09,-1.637144578964510089e+01,-6.966075327092460157e+01,-5.328930748127950068e+01
8.490000000000000000e+09,-1.664737992319770044e+01,-6.958307085961840244e+01,-5.293569093642069845e+01
8.525000000000000000e+09,-1.694338944562770166e+01,-6.957917970252970008e+01,-5.263579025690199842e+01
8.560000000000000954e+09,-1.725848060765000014e+01,-6.965475873107700977e+01,-5.239627812342700253e+01
8.595000000000000000e+09,-1.759114117672649868e+01,-6.981343177022799296e+01,-5.222229059350149782e+01
8.630000000000000000e+09,-1.793913360098159870e+01,-7.005606319171619134e+01,-5.211692959073459974e+01
8.665000000000000000e+09,-1.829923592489910078e+01,-7.038013148373130434e+01,-5.208089555883219646e+01
8.700000000000000000e+09,-1.866693350266130125e+01,-7.077928356095819140e+01,-5.211235005829689726e+01
8.735000000000000000e+09,-1.903608045706549845e+01,-7.124312949643399406e+01,-5.220704903936849917e+01
8.770000000000000000e+09,-1.939857831612529893e+01,-7.175729093304370565e+01,-5.235871261691840317e+01
8.805000000000000000e+09,-1.974416265584250141e+01,-7.230370038578379877e+01,-5.255953772994129736e+01
8.840000000000000000e+09,-2.006044140904209883e+01,-7.286117968328230177e+01,-5.280073827424020294e+01
8.875000000000000000e+09,-2.033336799914109960e+01,-7.340638271997799791e+01,-5.307301472083690186e+01
8.910000000000000000e+09,-2.054831189939070057e+01,-7.391520831054690177e+01,-5.336689641115619764e+01
8.945000000000000000e+09,-2.069175157582650115e+01,-7.436469639792500175e+01,-5.367294482209850059e+01
8.980000000000000000e+09,-2.075334558963799836e+01,-7.473518710524470521e+01,-5.398184151560670330e+01
9.015000000000000000e+09,-2.072783724799799998e+01,-7.501224298951009928e+01,-5.428440574151210285e+01
9.050000000000000000e+09,-2.061613056403480115e+01,-7.518772588615199481e+01,-5.457159532211719721e+01
9.085000000000000000e+09,-2.042510946554889983e+01,-7.525965304589909977e+01,-5.483454358035019993e+01
9.120000000000000000e+09,-2.016627579352689992e+01,-7.523095202899349943e+01,-5.506467623546659951e+01
9.155000000000000000e+09,-1.985373559314529857e+01,-7.510767051286019580e+01,-5.525393491971490079e+01
9.190000000000000000e+09,-1.950219399223560046e+01,-7.489730153487819564e+01,-5.539510754264259873e+01
9.225000000000000000e+09,-1.912542698220860160e+01,-7.460765923663190335e+01,-5.548223225442330175e+01
9.260000000000000000e+09,-1.873538869746469970e+01,-7.424639747503699994e+01,-5.551100877757230023e+01
9.295000000000000000e+09,-1.834187647050760006e+01,-7.382100731802839277e+01,-5.547913084752079982e+01
9.330000000000000000e+09,-1.795257589891269845e+01,-7.333903437198549113e+01,-5.538645847307279979e+01
9.365000000000000000e+09,-1.757331047559440051e+01,-7.280829263966670339e+01,-5.523498216407229933e+01
9.400000000000000000e+09,-1.720836738336370075e+01,-7.223695046800109765e+01,-5.502858308463739689e+01
9.435000000000000000e+09,-1.686082273762029970e+01,-7.163346600570049816e+01,-5.477264326808020201e+01
9.470000000000000000e+09,-1.653282895627900118e+01,-7.100641855524649770e+01,-5.447358959896750008e+01
9.505000000000000000e+09,-1.622585158857960153e+01,-7.036430806473839539e+01,-5.413845647615880097e+01
9.540000000000000000e+09,-1.594085611280419990e+01,-6.971538658451800075e+01,-5.377453047171380263e+01
9.575000000000000000e+09,-1.567845106227940022e+01,-6.906755981085539986e+01,-5.338910874857599964e+01
9.610000000000000000e+09,-1.543899560403129989e+01,-6.842836912941359628e+01,-5.298937352538229817e+01
9.645000000000000000e+09,-1.522267946180230069e+01,-6.780504341311339545e+01,-5.258236395131110186e+01
9.680000000000000000e+09,-1.502958203050279984e+01,-6.720459718375869329e+01,-5.217501515325589878e+01
9.715000000000000000e+09,-1.485971627940059925e+01,-6.663394575710960055e+01,-5.177422947770899953e+01
9.750000000000000000e+09,-1.471306186167869967e+01,-6.610000591771130019e+01,-5.138694405603259696e+01
9.785000000000000000e+09,-1.458959084010919938e+01,-6.560975079617129779e+01,-5.102015995606210197e+01
9.820000000000000000e+09,-1.448928862164139986e+01,-6.517019002719720788e+01,-5.068090140555580092e+01
9.855000000000000000e+09,-1.441217205268320001e+01,-6.478825269804400477e+01,-5.037608064536080121e+01
9.890000000000000000e+09,-1.435830613648479925e+01,-6.447056351342700964e+01,-5.011225737694220328e+01
9.925000000000000000e+09,-1.432782046938790010e+01,-6.422312337461909237e+01,-4.989530290523119760e+01
9.960000000000000000e+09,-1.432092623328030001e+01,-6.405093218995949655e+01,-4.973000595667920010e+01
9.995000000000000000e+09,-1.433793441226019993e+01,-6.395761729776799598e+01,-4.961968288550779960e+01
1.003000000000000000e+10,-1.437927581246970021e+01,-6.394514475343439841e+01,-4.956586894096469820e+01
1.006500000000000000e+10,-1.444552345056120046e+01,-6.401368336895210120e+01,-4.956815991839089719e+01
1.010000000000000000e+10,-1.453741793886890044e+01,-6.416166087303290055e+01,-4.962424293416400189e+01
1.013500000000000000e+10,-1.465589664081639931e+01,-6.438600699776939962e+01,-4.973011035695299853e+01
1.017000000000000000e+10,-1.480212761337499927e+01,-6.468253634178088873e+01,-4.988040872840589657e+01
1.020500000000000000e+10,-1.497754972116869965e+01,-6.504639980384369835e+01,-5.006885008267499870e+01
1.024000000000000000e+10,-1.518392084333759939e+01,-6.547253327502509990e+01,-5.028861243168749695e+01
1.027500000000000000e+10,-1.542337687093469967e+01,-6.595605149214270568e+01,-5.053267462120800246e+01
1.031000000000000000e+10,-1.569850532405710020e+01,-6.649256300184410406e+01,-5.079405767778700209e+01
1.034500000000000000e+10,-1.601243908931559901e+01,-6.707840917853920359e+01,-5.106597008922359748e+01
1.038000000000000000e+10,-1.636897829342069954e+01,-6.771085078619209696e+01,-5.134187249277140097e+01
1.041500000000000000e+10,-1.677275219655599869e+01,-6.838823910102200898e+01,-5.161548690446600318e+01
1.045000000000000000e+10,-1.722943908508640121e+01,-6.911021768439820789e+01,-5.188077859931180313e+01
1.048500000000000000e+10,-1.774607201900489883e+01,-6.987800945084040904e+01,-5.213193743183550311e+01
1.052000000000000000e+10,-1.833147479536069824e+01,-7.069485634080619718e+01,-5.236338154544549894e+01
1.055500000000000000e+10,-1.899690107007160123e+01,-7.156670188472989480e+01,-5.256980081465830068e+01
1.059000000000000000e+10,-1.975700112053059954e+01,-7.250325109769569565e+01,-5.274624997716509966e+01
1.062500000000000000e+10,-2.063133813106770020e+01,-7.351963018649870207e+01,-5.288829205543100187e+01
1.066000000000000000e+10,-2.164687026086070176e+01,-7.463905197731349972e+01,-5.299218171645279796e+01
1.069500000000000000e+10,-2.284222824167510169e+01,-7.589729542381070360e+01,-5.305506718213560191e+01
1.073000000000000000e+10,-2.427556619870840038e+01,-7.735074706467149497e+01,-5.307518086596309814e+01
1.076500000000000000e+10,-2.604013170396289922e+01,-7.909211788008570920e+01,-5.305198617612280287e+01
1.080000000000000000e+10,-2.829816035194399859e+01,-8.128441332007969322e+01,-5.298625296813570174e+01
1.083500000000000000e+10,-3.136157606053449953e+01,-8.424162263455120581e+01,-5.288004657401670272e+01
1.087000000000000000e+10,-3.585150821524219822e+01,-8.858814012974599450e+01,-5.273663191450380339e+01
1.090500000000000000e+10,-4.096226035275059729e+01,-9.352257021697090522e+01,-5.256030986422030082e+01
1.094000000000000000e+10,-3.699307819058989821e+01,-8.934929129812120152e+01,-5.235621310753130331e+01
1.097500000000000000e+10,-3.205945017538000030e+01,-8.418954101655580757e+01,-5.213009084117580016e+01
1.101000000000000000e+10,-2.870977536612090120e+01,-8.059788183117689186e+01,-5.188810646505599777e+01
1.104500000000000000e+10,-2.626398985149220167e+01,-7.790065248632370754e+01,-5.163666263483150232e+01
1.108000000000000000e+10,-2.435992801459099866e+01,-7.574218518067419836e+01,-5.138225716608319971e+01
1.111500000000000000e+10,-2.281299314742129880e+01,-7.394435725429579520e+01,-5.113136410687449995e+01
1.115000000000000000e+10,-2.151912312711689879e+01,-7.240945163511250371e+01,-5.089032850799559782e+01
1.118500000000000000e+10,-2.041438579502370132e+01,-7.107964742557760474e+01,-5.066526163055389986e+01
1.122000000000000000e+10,-1.945680026811039909e+01,-6.991872569641449786e+01,-5.046192542830409877e+01
1.125500000000000000e+10,-1.861733719207060034e+01,-6.890293773238920494e+01,-5.028560054031859750e+01
1.129000000000000000e+10,-1.787508765740879824e+01,-6.801602734638809977e+01,-5.014093968897930154e+01
1.132500000000000000e+10,-1.721449348509739963e+01,-6.724631020456760666e+01,-5.003181671947019993e+01
1.136000000000000000e+10,-1.662367168604340151e+01,-6.658486014612930148e+01,-4.996118846008589998e+01
1.139500000000000000e+10,-1.609335472565749825e+01,-6.602434466412249492e+01,-4.993098993846499667e+01
1.143000000000000000e+10,-1.561619464584819994e+01,-6.555827635314300039e+01,-4.994208170729479690e+01
1.146500000000000000e+10,-1.518629112439159989e+01,-6.518055212607420401e+01,-4.999426100168260234e+01
1.150000000000000000e+10,-1.479886218573239987e+01,-6.488520002360399985e+01,-5.008633783787160354e+01
1.153500000000000000e+10,-1.445000848083230061e+01,-6.466627443530180130e+01,-5.021626595446949892e+01
1.157000000000000000e+10,-1.413654049249310063e+01,-6.451785033986729445e+01,-5.038130984737419737e+01
1.160500000000000000e+10,-1.385584896994479998e+01,-6.443407411604660240e+01,-5.057822514610180065e+01
1.164000000000000000e+10,-1.360580560704589992e+01,-6.440923618767719461e+01,-5.080343058063130002e+01
1.167500000000000000e+10,-1.338468521134380040e+01,-6.443783981566990349e+01,-5.105315460432610308e+01
1.171000000000000000e+10,-1.319110335250010024e+01,-6.451464976207759605e+01,-5.132354640957750291e+01
1.174500000000000000e+10,-1.302396529912130063e+01,-6.463471303279220592e+01,-5.161074773367089819e+01
1.178000000000000000e+10,-1.288242329294419974e+01,-6.479335057998099501e+01,-5.191092728703679882e+01
1.181500000000000000e+10,-1.276584007622940042e+01,-6.498612348150129492e+01,-5.222028340527189982e+01
1.185000000000000000e+10,-1.267375721123829990e+01,-6.520878000083500581e+01,-5.253502278959670235e+01
1.188500000000000000e+10,-1.260586719102199993e+01,-6.545719161378130480e+01,-5.285132442275929776e+01
1.192000000000000000e+10,-1.256198868956730053e+01,-6.572728712087899794e+01,-5.316529843131169741e+01
1.195500000000000000e+10,-1.254204456831839920e+01,-6.601499473148659547e+01,-5.347295016316819982e+01
1.199000000000000000e+10,-1.254604246431630088e+01,-6.631620261769499791e+01,-5.377016015337869703e+01
1.202500000000000000e+10,-1.257405794356299999e+01,-6.662674868392760175e+01,-5.405269074036460353e+01
1.206000000000000000e+10,-1.262622031770879971e+01,-6.694244965892428922e+01,-5.431622934121549662e+01
1.209500000000000000e+10,-1.270270129622280031e+01,-6.725917735268740216e+01,-5.455647605646459652e+01
1.213000000000000000e+10,-1.280370668266120049e+01,-6.757298531301771050e+01,-5.476927863035650290e+01
1.216500000000000000e+10,-1.292947132603040039e+01,-6.788028186176539691e+01,-5.495081053573500185e+01
1.220000000000000000e+10,-1.308025751163410000e+01,-6.817803618437329760e+01,-5.509777867273920293e+01
1.223500000000000000e+10,-1.325635692708999969e+01,-6.846399460970569351e+01,-5.520763768261569737e+01
1.227000000000000000e+10,-1.345809627670280051e+01,-6.873687733467859573e+01,-5.527878105797579877e+01
1.230500000000000000e+10,-1.368584654995800065e+01,-6.899652467104550624e+01,-5.531067812108749848e+01
1.234000000000000000e+10,-1.394003588553530015e+01,-6.924396820107499195e+01,-5.530393231553969713e+01
1.237500000000000000e+10,-1.422116591639190020e+01,-6.948141528140349976e+01,-5.526024936501160312e+01
1.241000000000000000e+10,-1.452983143490870077e+01,-6.971215168869611034e+01,-5.518232025378740246e+01
1.244500000000000000e+10,-1.486674317340269980e+01,-6.994038198840610221e+01,-5.507363881500339886e+01
1.248000000000000000e+10,-1.523275343718909980e+01,-7.017103623322459782e+01,-5.493828279603550158e+01
1.251500000000000000e+10,-1.562888422083559981e+01,-7.040957303320699623e+01,-5.478068881237140175e+01
1.255000000000000000e+10,-1.605635722242449859e+01,-7.066180378507169735e+01,-5.460544656264720231e+01
1.258500000000000000e+10,-1.651662473926030117e+01,-7.093375356798330245e+01,-5.441712882872300128e+01
1.262000000000000000e+10,-1.701139959578809879e+01,-7.123156382783099616e+01,-5.422016423204289737e+01
1.265500000000000000e+10,-1.754268069225729931e+01,-7.156143245055440616e+01,-5.401875175829709974e+01
1.269000000000000000e+10,-1.811276788357389833e+01,-7.192957864501190102e+01,-5.381681076143799913e+01
1.272500000000000000e+10,-1.872425464021920050e+01,-7.234221217269470117e+01,-5.361795753247550067e+01
1.276000000000000000e+10,-1.937997737720030145e+01,-7.280547636633450281e+01,-5.342549898913419781e+01
1.279500000000000000e+10,-2.008288296098729830e+01,-7.332531782161768774e+01,-5.324243486063039654e+01
1.283000000000000000e+10,-2.083574446199850172e+01,-7.390720571795620231e+01,-5.307146125595770059e+01
1.286500000000000000e+10,-2.164059900643509948e+01,-7.455556926956440122e+01,-5.291497026312929819e+01
1.290000000000000000e+10,-2.249768418508849877e+01,-7.527272616005619454e+01,-5.277504197496769933e+01
1.293500000000000000e+10,-2.340349308549539842e+01,-7.605692004440450660e+01,-5.265342695890910107e+01
1.297000000000000000e+10,-2.434736273738310075e+01,-7.689888138347680524e+01,-5.255151864609369738e+01
1.300500000000000000e+10,-2.530590708803229916e+01,-7.777622348702639954e+01,-5.247031639899410038e+01
1.304000000000000000e+10,-2.623520303938289899e+01,-7.864558415662999380e+01,-5.241038111724709836e+01
1.307500000000000000e+10,-2.706342515407679983e+01,-7.943521129663669456e+01,-5.237178614255989828e+01
1.311000000000000000e+10,-2.769302657787719824e+01,-8.004709349387159989e+01,-5.235406691599440165e+01
1.314500000000000000e+10,-2.802634543936600053e+01,-8.038251878198489919e+01,-5.235617334261890221e+01
1.318000000000000000e+10,-2.801315277590320107e+01,-8.038958196969259973e+01,-5.237642919378939865e+01
1.321500000000000000e+10,-2.768261858063510061e+01,-8.009512181855851054e+01,-5.241250323792340282e+01
1.325000000000000000e+10,-2.712427251614510126e+01,-7.958566978195790398e+01,-5.246139726581279916e+01
1.328500000000000000e+10,-2.643971344789819966e+01,-7.895917029308129997e+01,-5.251945684518310031e+01
1.332000000000000000e+10,-2.570901577573469865e+01,-7.829142720614760265e+01,-5.258241143041289689e+01
1.335500000000000000e+10,-2.498308544073979931e+01,-7.762853648171488885e+01,-5.264545104097509665e+01
1.339000000000000000e+10,-2.428949710267719908e+01,-7.699284356775109472e+01,-5.270334646507389920e+01
1.342500000000000000e+10,-2.364059857441479906e+01,-7.639121652214140568e+01,-5.275061794772660306e+01
1.346000000000000000e+10,-2.303972256642130034e+01,-7.582147526353810463e+01,-5.278175269711680073e+01
1.349500000000000000e+10,-2.248512104171319947e+01,-7.527658494041560289e+01,-5.279146389870240341e+01
1.353000000000000000e+10,-2.197226739144729990e+01,-7.474724136660130114e+01,-5.277497397515399769e+01
1.356500000000000000e+10,-2.149517544366619859e+01,-7.422347023074900108e+01,-5.272829478708280249e+01
1.360000000000000000e+10,-2.104717887571850099e+01,-7.369564967673929345e+01,-5.264847080102079957e+01
1.363500000000000000e+10,-2.062143519354669863e+01,-7.315518668838619476e+01,-5.253375149483949968e+01
1.367000000000000000e+10,-2.021129764167750054e+01,-7.259496587563050696e+01,-5.238366823395300287e+01
1.370500000000000000e+10,-1.981062229443789846e+01,-7.200962946522820118e+01,-5.219900717079030272e+01
1.374000000000000000e+10,-1.941403059039049950e+01,-7.139571948411989410e+01,-5.198168889372939816e+01
1.377500000000000000e+10,-1.901712055519740119e+01,-7.075170230101750235e+01,-5.173458174582010116e+01
1.381000000000000000e+10,-1.861660856902189920e+01,-7.007789296372030208e+01,-5.146128439469840288e+01
1.384500000000000000e+10,-1.821038500040409858e+01,-6.937629792291589581e+01,-5.116591292251180079e+01
1.388000000000000000e+10,-1.779747771669470069e+01,-6.865039787473079969e+01,-5.085292015803609900e+01
1.391500000000000000e+10,-1.737793222306699903e+01,-6.790489591564829652e+01,-5.052696369258129749e+01
1.395000000000000000e+10,-1.695263035151669939e+01,-6.714545781762690524e+01,-5.019282746611020229e+01
1.398500000000000000e+10,-1.652307681124360172e+01,-6.637846902068520194e+01,-4.985539220944159666e+01
1.402000000000000000e+10,-1.609118306977330093e+01,-6.561082619797051052e+01,-4.951964312819720249e+01
1.405500000000000000e+10,-1.565907224692499966e+01,-6.484977095116948931e+01,-4.919069870424449675e+01
1.409000000000000000e+10,-1.522891982656459930e+01,-6.410276150665148975e+01,-4.887384168008689755e+01
1.412500000000000000e+10,-1.480283596555860015e+01,-6.337736768091230033e+01,-4.857453171535370018e+01
1.416000000000000000e+10,-1.438278801680569963e+01,-6.268116703349309660e+01,-4.829837901668739875e+01
1.419500000000000000e+10,-1.397055738178879913e+01,-6.202161772362850201e+01,-4.805106034183970110e+01
1.423000000000000000e+10,-1.356772281354790088e+01,-6.140588739784810457e+01,-4.783816458430020191e+01
1.426500000000000000e+10,-1.317566215406930041e+01,-6.084062807324909983e+01,-4.766496591917979941e+01
1.430000000000000000e+10,-1.279556545992540073e+01,-6.033170369338370165e+01,-4.753613823345830269e+01
1.433500000000000000e+10,-1.242845392248830017e+01,-5.988389676791729954e+01,-4.745544284542899760e+01
1.437000000000000000e+10,-1.207520050471300088e+01,-5.950063760865650409e+01,-4.742543710394350143e+01
1.440500000000000000e+10,-1.173654956596880083e+01,-5.918380721122320409e+01,-4.744725764525440326e+01
1.444000000000000000e+10,-1.141313383862850017e+01,-5.893365770081510391e+01,-4.752052386218660018e+01
1.447500000000000000e+10,-1.110548794750200052e+01,-5.874887260187460214e+01,-4.764338465437260339e+01
1.451000000000000000e+10,-1.081405825890630013e+01,-5.862675955748120060e+01,-4.781270129857490048e+01
1.454500000000000000e+10,-1.053920925644709961e+01,-5.856354087058679880e+01,-4.802433161413969742e+01
1.458000000000000000e+10,-1.028122690963530061e+01,-5.855469141460790183e+01,-4.827346450497260122e+01
1.461500000000000000e+10,-1.004031966493199945e+01,-5.859527258111909731e+01,-4.855495291618709786e+01
1.465000000000000000e+10,-9.816617772551769150e+00,-5.868022227488117437e+01,-4.886360450232940167e+01
1.468500000000000000e+10,-9.610171683820560418e+00,-5.880457819557665999e+01,-4.919440651175609958e+01
1.472000000000000000e+10,-9.420950224802290052e+00,-5.896362842725228859e+01,-4.954267820244999854e+01
1.475500000000000000e+10,-9.248839180897910239e+00,-5.915299572706000930e+01,-4.990415654616209906e+01
1.479000000000000000e+10,-9.093640822045360395e+00,-5.936866871142785840e+01,-5.027502788938249978e+01
1.482500000000000000e+10,-8.955074767596670426e+00,-5.960699519126976753e+01,-5.065192042367309710e+01
1.486000000000000000e+10,-8.832780443886990795e+00,-5.986465182742009006e+01,-5.103187138353310104e+01
1.489500000000000000e+10,-8.726321237079810444e+00,-6.013860164335461178e+01,-5.141228040627480311e+01
1.493000000000000000e+10,-8.635190300534040020e+00,-6.042604789427274170e+01,-5.179085759373869990e+01
1.496500000000000000e+10,-8.558817850262510518e+00,-6.072439001415750681e+01,-5.216557216389499985e+01
1.500000000000000000e+10,-8.496579682487130469e+00,-6.103118513044883287e+01,-5.253460544796170240e+01
